stage_2_rank,candidate_id,initial_pass_rank,initial_pass_score,stage_2_individual_score,rank_change,was_repeated,was_adjudicated,confidence,applied_cap,disqualifiers,integrity_issue_count
1,CAND_0039754,1,100.0,100.0,0,False,False,0.95,,,0
2,CAND_0077337,2,100.0,100.0,0,False,False,0.95,,,0
3,CAND_0011687,3,98.0,98.0,0,False,False,0.95,,,0
4,CAND_0037980,4,98.0,98.0,0,False,False,0.9,,,0
5,CAND_0068811,5,98.0,98.0,0,False,False,0.95,,,0
6,CAND_0081846,6,98.0,98.0,0,False,False,0.95,,,0
7,CAND_0086022,7,98.0,98.0,0,False,False,0.95,,,0
8,CAND_0088025,8,98.0,98.0,0,False,False,0.95,,,0
9,CAND_0005260,9,96.0,96.0,0,False,False,0.95,,,0
10,CAND_0028793,10,96.0,96.0,0,False,False,0.95,,,0
11,CAND_0093193,11,96.0,96.0,0,False,False,0.9,,,0
12,CAND_0094759,12,95.0,95.0,0,False,False,0.9,,,0
13,CAND_0061257,13,94.0,94.0,0,False,False,0.95,,,0
14,CAND_0010257,14,93.0,93.0,0,False,False,0.9,,,0
15,CAND_0092278,15,93.0,93.0,0,False,False,0.9,,,0
16,CAND_0046525,16,90.0,90.0,0,False,False,0.9,,,0
17,CAND_0007009,17,89.0,89.0,0,False,False,0.9,,,0
18,CAND_0010685,18,89.0,89.0,0,False,False,0.9,,,0
19,CAND_0062247,19,89.0,89.0,0,False,False,0.9,,,0
20,CAND_0005538,20,88.0,88.0,0,False,False,0.9,,,0
21,CAND_0010770,21,88.0,88.0,0,False,False,0.9,,,0
22,CAND_0011162,22,88.0,88.0,0,False,False,0.9,,,0
23,CAND_0050454,23,88.0,88.0,0,False,False,0.9,,,0
24,CAND_0052328,24,88.0,88.0,0,False,False,0.9,,,0
25,CAND_0065195,25,88.0,88.0,0,False,False,0.9,,,0
26,CAND_0069905,26,88.0,88.0,0,False,False,0.9,,,0
27,CAND_0075249,27,88.0,88.0,0,False,False,0.9,,,0
28,CAND_0080766,28,88.0,88.0,0,False,False,0.9,,,0
29,CAND_0039383,29,87.0,87.0,0,False,False,0.9,,,0
30,CAND_0044855,30,87.0,87.0,0,False,False,0.9,,,0
31,CAND_0079387,31,87.0,87.0,0,False,False,0.9,,,0
32,CAND_0057563,32,86.0,86.0,0,False,False,0.9,,,0
33,CAND_0061265,33,86.0,86.0,0,False,False,0.9,,,0
34,CAND_0086151,34,86.0,86.0,0,False,False,0.9,,,0
35,CAND_0099401,35,86.0,86.0,0,False,False,0.9,,,0
36,CAND_0020877,36,85.0,85.0,0,False,False,0.9,,,0
37,CAND_0043228,37,85.0,85.0,0,False,False,0.9,,,0
38,CAND_0060072,38,85.0,85.0,0,False,False,0.9,,,0
39,CAND_0089552,39,85.0,85.0,0,False,False,0.85,,,0
40,CAND_0001610,40,84.0,84.0,0,False,False,0.9,,,0
41,CAND_0006567,41,84.0,84.0,0,False,False,0.9,,,0
42,CAND_0064904,42,84.0,84.0,0,False,False,0.9,,,0
43,CAND_0096172,43,83.0,83.0,0,False,False,0.9,,,0
44,CAND_0009691,44,81.0,81.0,0,False,False,0.9,,,0
45,CAND_0042100,76,76.0,80.0,31,True,False,0.9,,,0
46,CAND_0054123,45,80.0,80.0,-1,False,False,0.9,,,0
47,CAND_0066376,46,80.0,80.0,-1,False,False,0.9,,,0
48,CAND_0030348,96,73.0,79.0,48,True,False,0.9,,,0
49,CAND_0051004,47,79.0,79.0,-2,False,False,0.9,,,0
50,CAND_0091909,48,79.0,79.0,-2,False,False,0.9,,,0
51,CAND_0006418,49,78.0,78.0,-2,False,False,0.9,,,0
52,CAND_0008239,50,78.0,78.0,-2,False,False,0.9,,,0
53,CAND_0009024,51,78.0,78.0,-2,False,False,0.9,,,0
54,CAND_0019480,52,78.0,78.0,-2,False,False,0.9,,,0
55,CAND_0027691,53,78.0,78.0,-2,False,False,0.9,,,0
56,CAND_0039838,54,78.0,78.0,-2,False,False,0.9,,,0
57,CAND_0047721,55,78.0,78.0,-2,False,False,0.8,,,0
58,CAND_0049896,56,78.0,78.0,-2,False,False,0.9,,,0
59,CAND_0060054,57,78.0,78.0,-2,False,False,0.9,,,0
60,CAND_0066999,58,78.0,78.0,-2,False,False,0.9,,,0
61,CAND_0074735,59,78.0,78.0,-2,False,False,0.9,,,0
62,CAND_0095619,60,78.0,78.0,-2,False,False,0.9,,,0
63,CAND_0099806,61,78.0,78.0,-2,False,False,0.9,,,0
64,CAND_0000031,62,77.0,77.0,-2,False,False,0.9,,,0
65,CAND_0006557,63,77.0,77.0,-2,False,False,0.9,,,0
66,CAND_0015528,64,77.0,77.0,-2,False,False,0.85,,,0
67,CAND_0054394,65,77.0,77.0,-2,False,False,0.9,,,0
68,CAND_0061339,66,77.0,77.0,-2,False,False,0.9,,,0
69,CAND_0083879,67,77.0,77.0,-2,False,False,0.9,,,0
70,CAND_0094056,68,77.0,77.0,-2,False,False,0.9,,,0
71,CAND_0011432,69,76.0,76.0,-2,False,False,0.9,,,0
72,CAND_0014440,70,76.0,76.0,-2,True,False,0.9,,,0
73,CAND_0022812,71,76.0,76.0,-2,True,False,0.8,,,0
74,CAND_0026532,72,76.0,76.0,-2,True,False,0.9,,,0
75,CAND_0036184,73,76.0,76.0,-2,True,False,0.9,,,0
76,CAND_0036437,74,76.0,76.0,-2,True,False,0.9,,,0
77,CAND_0042029,75,76.0,76.0,-2,True,False,0.9,,,0
78,CAND_0064270,77,76.0,76.0,-1,True,False,0.9,,,0
79,CAND_0076163,78,76.0,76.0,-1,True,False,0.9,,,0
80,CAND_0076251,79,76.0,76.0,-1,True,False,0.9,,,0
81,CAND_0076831,80,76.0,76.0,-1,True,False,0.9,,,0
82,CAND_0078492,81,76.0,76.0,-1,True,False,0.9,,,0
83,CAND_0081852,82,76.0,76.0,-1,True,False,0.9,,,0
84,CAND_0093912,83,76.0,76.0,-1,True,False,0.9,,,0
85,CAND_0012957,84,75.0,75.0,-1,True,False,0.9,,,0
86,CAND_0013536,85,75.0,75.0,-1,True,False,0.9,,,0
87,CAND_0020708,86,75.0,75.0,-1,True,False,0.9,,,0
88,CAND_0037000,87,75.0,75.0,-1,True,False,0.9,,,0
89,CAND_0037944,88,75.0,75.0,-1,True,False,0.8,,,0
90,CAND_0044222,89,75.0,75.0,-1,True,False,0.9,,,0
91,CAND_0049538,90,75.0,75.0,-1,True,False,0.9,,,0
92,CAND_0056881,91,75.0,75.0,-1,True,False,0.8,,,0
93,CAND_0061655,92,75.0,75.0,-1,True,False,0.9,,,0
94,CAND_0070485,93,75.0,75.0,-1,True,True,0.9,,,0
95,CAND_0079284,94,75.0,75.0,-1,True,False,0.9,,,0
96,CAND_0045250,95,74.0,74.0,-1,True,False,0.9,,,0
97,CAND_0042506,97,73.0,73.0,0,True,False,0.85,,,0
98,CAND_0003977,98,72.0,72.0,0,True,False,0.85,,,0
99,CAND_0039521,99,72.0,72.0,0,True,False,0.85,,,0
100,CAND_0075439,100,72.0,72.0,0,True,False,0.85,,,0
101,CAND_0001405,101,45.0,45,0,True,False,0.6,45,domain_mismatch_cv_speech_robotics,0
102,CAND_0005649,102,45.0,45,0,True,False,0.8,45,domain_mismatch_cv_speech_robotics,0
103,CAND_0007460,103,45.0,45,0,True,False,0.8,45,domain_mismatch_cv_speech_robotics,0
104,CAND_0008425,104,45.0,45,0,True,True,0.925,45,domain_mismatch_cv_speech_robotics,0
105,CAND_0010149,105,45.0,45.0,0,True,False,0.8,45,domain_mismatch_cv_speech_robotics,0
106,CAND_0013456,106,45.0,45.0,0,True,False,0.7,45,domain_mismatch_cv_speech_robotics,0
107,CAND_0013613,107,45.0,45,0,True,False,0.8,45,domain_mismatch_cv_speech_robotics,0
108,CAND_0015581,108,45.0,45,0,True,False,0.7,45,domain_mismatch_cv_speech_robotics,0
109,CAND_0016163,109,45.0,45,0,True,False,0.8,45,domain_mismatch_cv_speech_robotics,0
110,CAND_0017960,110,45.0,45,0,True,True,0.85,45,domain_mismatch_cv_speech_robotics,0
111,CAND_0018549,111,45.0,45,0,True,False,0.8,45,domain_mismatch_cv_speech_robotics,0
112,CAND_0018722,112,45.0,45,0,True,False,0.9,45,domain_mismatch_cv_speech_robotics,0
113,CAND_0024466,113,45.0,45,0,True,False,0.8,45,domain_mismatch_cv_speech_robotics,0
114,CAND_0024620,114,45.0,45,0,True,False,0.8,45,domain_mismatch_cv_speech_robotics,0
115,CAND_0027801,115,45.0,45,0,True,False,0.8,45,domain_mismatch_cv_speech_robotics,0
116,CAND_0029671,116,45.0,45,0,True,False,0.7,45,domain_mismatch_cv_speech_robotics,0
117,CAND_0030031,117,45.0,45,0,True,False,0.85,45,domain_mismatch_cv_speech_robotics,0
118,CAND_0030468,118,45.0,45,0,True,False,0.8,45,domain_mismatch_cv_speech_robotics,0
119,CAND_0030827,119,45.0,45,0,True,False,0.8,45,domain_mismatch_cv_speech_robotics,0
120,CAND_0031593,120,45.0,45,0,True,False,0.8,45,domain_mismatch_cv_speech_robotics,0
121,CAND_0032179,121,45.0,45,0,True,False,0.7,45,domain_mismatch_cv_speech_robotics,0
122,CAND_0032515,122,45.0,45,0,True,False,0.9,45,domain_mismatch_cv_speech_robotics,0
123,CAND_0032807,123,45.0,45,0,True,False,0.8,45,domain_mismatch_cv_speech_robotics,0
124,CAND_0033861,124,45.0,45,0,True,False,0.9,45,domain_mismatch_cv_speech_robotics,0
125,CAND_0033911,125,45.0,45.0,0,True,False,0.7,45,domain_mismatch_cv_speech_robotics,0
126,CAND_0041568,126,45.0,45,0,True,False,0.8,45,domain_mismatch_cv_speech_robotics,0
127,CAND_0041611,127,45.0,45,0,True,False,0.9,45,domain_mismatch_cv_speech_robotics,0
128,CAND_0041669,128,45.0,45,0,True,True,0.85,45,domain_mismatch_cv_speech_robotics,0
129,CAND_0044883,129,45.0,45,0,True,False,0.9,45,domain_mismatch_cv_speech_robotics,0
130,CAND_0046064,130,45.0,45,0,True,False,0.9,45,domain_mismatch_cv_speech_robotics,0
131,CAND_0046353,131,45.0,45.0,0,True,False,0.7,45,domain_mismatch_cv_speech_robotics,0
132,CAND_0050876,132,45.0,45,0,True,False,0.9,45,domain_mismatch_cv_speech_robotics,0
133,CAND_0051615,133,45.0,45,0,True,False,0.8,45,domain_mismatch_cv_speech_robotics,0
134,CAND_0051630,134,45.0,45,0,True,False,0.8,45,domain_mismatch_cv_speech_robotics,0
135,CAND_0053591,135,45.0,45,0,True,False,0.8,45,domain_mismatch_cv_speech_robotics,0
136,CAND_0053695,136,45.0,45,0,True,False,0.8,45,domain_mismatch_cv_speech_robotics,0
137,CAND_0055905,137,45.0,45,0,True,False,0.8500000000000001,45,domain_mismatch_cv_speech_robotics,0
138,CAND_0055992,138,45.0,45,0,True,False,0.9,45,domain_mismatch_cv_speech_robotics,0
139,CAND_0057701,139,45.0,45,0,True,False,0.8,45,domain_mismatch_cv_speech_robotics,0
140,CAND_0058575,140,45.0,45,0,True,False,0.7,45,domain_mismatch_cv_speech_robotics,0
141,CAND_0058688,141,45.0,45,0,True,False,0.8,45,domain_mismatch_cv_speech_robotics,0
142,CAND_0065878,142,45.0,45,0,True,False,0.8,45,domain_mismatch_cv_speech_robotics,0
143,CAND_0068351,143,45.0,45,0,True,False,0.8,45,domain_mismatch_cv_speech_robotics,0
144,CAND_0070202,144,45.0,45,0,True,False,0.8,45,domain_mismatch_cv_speech_robotics,0
145,CAND_0070398,145,45.0,45,0,True,False,0.8,45,domain_mismatch_cv_speech_robotics,0
146,CAND_0071115,146,45.0,45,0,True,False,0.7,45,domain_mismatch_cv_speech_robotics,0
147,CAND_0072660,147,45.0,45,0,True,False,0.8,45,domain_mismatch_cv_speech_robotics,0
148,CAND_0074225,148,45.0,45,0,True,False,0.8,45,domain_mismatch_cv_speech_robotics,0
149,CAND_0076904,149,45.0,45,0,True,False,0.8,45,domain_mismatch_cv_speech_robotics,0
150,CAND_0078002,150,45.0,45,0,True,False,0.8,45,domain_mismatch_cv_speech_robotics,0
151,CAND_0078042,151,45.0,45,0,True,False,0.8,45,domain_mismatch_cv_speech_robotics,0
152,CAND_0081053,152,45.0,45,0,True,False,0.8,45,domain_mismatch_cv_speech_robotics,0
153,CAND_0081686,153,45.0,45,0,True,False,0.8,45,domain_mismatch_cv_speech_robotics,0
154,CAND_0083307,154,45.0,45,0,True,False,0.875,45,domain_mismatch_cv_speech_robotics,0
155,CAND_0084819,155,45.0,45,0,True,True,0.85,45,domain_mismatch_cv_speech_robotics,0
156,CAND_0087364,156,45.0,45,0,True,False,0.8,45,domain_mismatch_cv_speech_robotics,0
157,CAND_0087630,157,45.0,45,0,True,False,0.8,45,domain_mismatch_cv_speech_robotics,0
158,CAND_0089546,158,45.0,45,0,True,False,0.7,45,domain_mismatch_cv_speech_robotics,0
159,CAND_0092245,159,45.0,45,0,True,False,0.8,45,domain_mismatch_cv_speech_robotics,0
160,CAND_0093547,160,45.0,45,0,True,False,0.9,45,domain_mismatch_cv_speech_robotics,0
161,CAND_0095528,161,45.0,45,0,True,False,0.8,45,domain_mismatch_cv_speech_robotics,0
162,CAND_0096142,162,45.0,45,0,True,False,0.9,45,domain_mismatch_cv_speech_robotics,0
163,CAND_0033445,163,44.0,44.0,0,True,False,0.7,45,domain_mismatch_cv_speech_robotics,0
164,CAND_0040310,176,42.0,44.0,12,True,False,0.7,45,domain_mismatch_cv_speech_robotics,0
165,CAND_0093799,164,44.0,44.0,-1,True,False,0.8,,,0
166,CAND_0018888,165,43.0,43.0,-1,True,False,0.7,45,domain_mismatch_cv_speech_robotics,0
167,CAND_0054100,166,43.0,43.0,-1,True,False,0.7,45,domain_mismatch_cv_speech_robotics,0
168,CAND_0060315,167,43.0,43.0,-1,True,False,0.9,,,0
169,CAND_0092255,168,43.0,43.0,-1,True,False,0.7,45,domain_mismatch_cv_speech_robotics,0
170,CAND_0008295,169,42.0,42.0,-1,True,False,0.7,45,domain_mismatch_cv_speech_robotics,0
171,CAND_0010603,170,42.0,42.0,-1,True,False,0.7,45,domain_mismatch_cv_speech_robotics,0
172,CAND_0023093,171,42.0,42.0,-1,True,False,0.7,45,domain_mismatch_cv_speech_robotics,0
173,CAND_0036121,172,42.0,42.0,-1,True,False,0.7,45,domain_mismatch_cv_speech_robotics,0
174,CAND_0038368,173,42.0,42.0,-1,True,False,0.7,45,domain_mismatch_cv_speech_robotics,0
175,CAND_0038949,174,42.0,42.0,-1,True,False,0.7,45,domain_mismatch_cv_speech_robotics,0
176,CAND_0040178,175,42.0,42.0,-1,True,False,0.7,45,domain_mismatch_cv_speech_robotics,0
177,CAND_0052706,177,42.0,42.0,0,True,False,0.7,45,domain_mismatch_cv_speech_robotics,0
178,CAND_0054829,178,42.0,42.0,0,True,False,0.7,45,domain_mismatch_cv_speech_robotics,0
179,CAND_0067866,179,42.0,42.0,0,True,False,0.8,,,0
180,CAND_0003575,180,41.0,41.0,0,True,False,0.7,45,domain_mismatch_cv_speech_robotics,0
181,CAND_0018701,181,41.0,41.0,0,True,False,0.7,45,domain_mismatch_cv_speech_robotics,0
182,CAND_0051466,182,41.0,41.0,0,True,False,0.7,45,domain_mismatch_cv_speech_robotics,0
183,CAND_0052827,183,41.0,41.0,0,True,False,0.7,45,domain_mismatch_cv_speech_robotics,0
184,CAND_0062561,184,41.0,41.0,0,True,False,0.7,45,domain_mismatch_cv_speech_robotics,0
185,CAND_0077296,185,41.0,41.0,0,True,False,0.7,45,domain_mismatch_cv_speech_robotics,0
186,CAND_0088385,186,41.0,41.0,0,True,False,0.7,45,domain_mismatch_cv_speech_robotics,0
187,CAND_0093763,187,41.0,41.0,0,False,False,0.8,45,domain_mismatch_cv_speech_robotics,0
188,CAND_0007052,188,40.0,40.0,0,True,False,0.7,45,domain_mismatch_cv_speech_robotics,0
189,CAND_0009837,189,40.0,40.0,0,False,False,0.8,40,no_recent_hands_on_code,0
190,CAND_0012837,190,40.0,40.0,0,True,False,0.8,45,domain_mismatch_cv_speech_robotics,0
191,CAND_0024878,191,40.0,40.0,0,True,False,0.6,45,domain_mismatch_cv_speech_robotics,0
192,CAND_0028287,192,40.0,40.0,0,True,False,0.7,45,domain_mismatch_cv_speech_robotics,0
193,CAND_0028527,193,40.0,40.0,0,True,False,0.7,45,domain_mismatch_cv_speech_robotics,0
194,CAND_0029135,194,40.0,40.0,0,False,False,0.8,45,domain_mismatch_cv_speech_robotics,0
195,CAND_0045475,195,40.0,40.0,0,True,False,0.7,45,domain_mismatch_cv_speech_robotics,0
196,CAND_0050765,196,40.0,40.0,0,True,False,0.7,45,domain_mismatch_cv_speech_robotics,0
197,CAND_0059795,197,40.0,40.0,0,False,False,0.8,,,0
198,CAND_0066035,198,40.0,40.0,0,True,False,0.7,45,domain_mismatch_cv_speech_robotics,0
199,CAND_0070333,199,40.0,40.0,0,True,False,0.7,45,domain_mismatch_cv_speech_robotics,0
200,CAND_0071432,200,40.0,40.0,0,True,False,0.6,45,domain_mismatch_cv_speech_robotics,0
201,CAND_0072768,201,40.0,40.0,0,True,False,0.7,45,domain_mismatch_cv_speech_robotics,0
202,CAND_0074731,202,40.0,40.0,0,True,False,0.7,45,domain_mismatch_cv_speech_robotics,0
203,CAND_0076482,203,40.0,40.0,0,True,False,0.7,45,domain_mismatch_cv_speech_robotics,0
204,CAND_0088441,204,40.0,40.0,0,True,False,0.7,45,domain_mismatch_cv_speech_robotics,0
205,CAND_0093331,205,40.0,40,0,True,False,0.8,40,services_only_no_product,0
206,CAND_0098288,206,40.0,40.0,0,True,False,0.7,45,domain_mismatch_cv_speech_robotics,0
207,CAND_0000666,207,39.0,39.0,0,False,False,0.9,,,0
208,CAND_0001940,208,39.0,39.0,0,True,False,0.7,45,domain_mismatch_cv_speech_robotics,0
209,CAND_0004972,209,39.0,39.0,0,True,False,0.7,45,domain_mismatch_cv_speech_robotics,0
210,CAND_0005269,210,39.0,39.0,0,True,False,0.7,45,domain_mismatch_cv_speech_robotics,0
211,CAND_0009505,211,39.0,39.0,0,True,False,0.6,45,domain_mismatch_cv_speech_robotics,0
212,CAND_0012988,212,39.0,39.0,0,True,False,0.7,45,domain_mismatch_cv_speech_robotics,0
213,CAND_0014909,213,39.0,39.0,0,True,False,0.7,45,domain_mismatch_cv_speech_robotics,0
214,CAND_0015760,214,39.0,39.0,0,True,False,0.7,45,domain_mismatch_cv_speech_robotics,0
215,CAND_0019288,215,39.0,39.0,0,True,False,0.7,45,domain_mismatch_cv_speech_robotics,0
216,CAND_0032089,216,39.0,39.0,0,True,False,0.8,45,domain_mismatch_cv_speech_robotics,0
217,CAND_0042441,218,39.0,39.0,1,True,False,0.7,45,domain_mismatch_cv_speech_robotics,0
218,CAND_0043381,219,39.0,39.0,1,False,False,0.8,,,0
219,CAND_0044576,220,39.0,39.0,1,True,False,0.6,45,domain_mismatch_cv_speech_robotics,0
220,CAND_0045862,221,39.0,39.0,1,False,False,0.8,,,0
221,CAND_0046459,222,39.0,39.0,1,True,False,0.7,45,domain_mismatch_cv_speech_robotics,0
222,CAND_0046924,223,39.0,39.0,1,True,False,0.7,45,domain_mismatch_cv_speech_robotics,0
223,CAND_0053934,224,39.0,39.0,1,True,False,0.6,45,domain_mismatch_cv_speech_robotics,0
224,CAND_0064888,225,39.0,39.0,1,True,False,0.7,45,domain_mismatch_cv_speech_robotics,0
225,CAND_0074339,226,39.0,39.0,1,True,False,0.6,45,domain_mismatch_cv_speech_robotics,0
226,CAND_0081563,227,39.0,39.0,1,True,False,0.7,45,domain_mismatch_cv_speech_robotics,0
227,CAND_0094685,228,39.0,39.0,1,False,False,0.8,,,0
228,CAND_0002120,229,38.0,38.0,1,True,False,0.7,45,domain_mismatch_cv_speech_robotics,0
229,CAND_0003506,230,38.0,38.0,1,False,False,0.8,45,domain_mismatch_cv_speech_robotics,0
230,CAND_0010283,231,38.0,38.0,1,True,False,0.7,45,domain_mismatch_cv_speech_robotics,0
231,CAND_0013665,232,38.0,38.0,1,True,False,0.7,45,domain_mismatch_cv_speech_robotics,0
232,CAND_0015493,233,38.0,38.0,1,True,False,0.6,45,domain_mismatch_cv_speech_robotics,0
233,CAND_0016657,234,38.0,38.0,1,True,False,0.7,45,domain_mismatch_cv_speech_robotics,0
234,CAND_0016659,235,38.0,38.0,1,True,False,0.7,45,domain_mismatch_cv_speech_robotics,0
235,CAND_0028318,236,38.0,38.0,1,True,False,0.7,45,domain_mismatch_cv_speech_robotics,0
236,CAND_0033842,217,39.0,38.0,-19,True,False,0.7,45,domain_mismatch_cv_speech_robotics,0
237,CAND_0035764,237,38.0,38.0,0,True,False,0.6,45,domain_mismatch_cv_speech_robotics,0
238,CAND_0044248,238,38.0,38.0,0,True,False,0.7,45,domain_mismatch_cv_speech_robotics,0
239,CAND_0052030,239,38.0,38.0,0,True,False,0.7,45,domain_mismatch_cv_speech_robotics,0
240,CAND_0054173,240,38.0,38.0,0,True,False,0.7,45,domain_mismatch_cv_speech_robotics,0
241,CAND_0095207,241,38.0,38.0,0,True,False,0.7,45,domain_mismatch_cv_speech_robotics,0
242,CAND_0001651,242,37.0,37.0,0,True,False,0.7,45,domain_mismatch_cv_speech_robotics,0
243,CAND_0019200,243,37.0,37.0,0,True,False,0.7,45,domain_mismatch_cv_speech_robotics,0
244,CAND_0032216,244,37.0,37.0,0,True,False,0.7,45,domain_mismatch_cv_speech_robotics,0
245,CAND_0043860,245,37.0,37.0,0,True,False,0.7,45,domain_mismatch_cv_speech_robotics,0
246,CAND_0057529,246,37.0,37.0,0,True,False,0.7,45,domain_mismatch_cv_speech_robotics,0
247,CAND_0061550,247,37.0,37.0,0,True,False,0.7,45,domain_mismatch_cv_speech_robotics,0
248,CAND_0066713,248,37.0,37.0,0,True,False,0.8,45,domain_mismatch_cv_speech_robotics,0
249,CAND_0068777,249,37.0,37.0,0,True,False,0.7,45,domain_mismatch_cv_speech_robotics,0
250,CAND_0086154,250,37.0,37.0,0,True,False,0.7,45,domain_mismatch_cv_speech_robotics,0
251,CAND_0003599,251,36.0,36.0,0,False,False,0.8,45,domain_mismatch_cv_speech_robotics,0
252,CAND_0005704,252,36.0,36.0,0,True,False,0.7,45,domain_mismatch_cv_speech_robotics,0
253,CAND_0033179,253,36.0,36.0,0,False,False,0.9,,,0
254,CAND_0037160,254,36.0,36.0,0,True,False,0.7,45,domain_mismatch_cv_speech_robotics,0
255,CAND_0041348,255,36.0,36.0,0,True,False,0.7,45,domain_mismatch_cv_speech_robotics,0
256,CAND_0043829,256,36.0,36.0,0,True,False,0.7,45,domain_mismatch_cv_speech_robotics,0
257,CAND_0046132,257,36.0,36.0,0,False,False,0.9,,,0
258,CAND_0048558,258,36.0,36.0,0,True,False,0.7,45,domain_mismatch_cv_speech_robotics,0
259,CAND_0049543,259,36.0,36.0,0,True,False,0.7,45,domain_mismatch_cv_speech_robotics,0
260,CAND_0053605,260,36.0,36.0,0,False,False,0.9,,,0
261,CAND_0058517,261,36.0,36.0,0,True,False,0.7,45,domain_mismatch_cv_speech_robotics,0
262,CAND_0065786,262,36.0,36.0,0,False,False,0.9,,,0
263,CAND_0067041,263,36.0,36.0,0,True,False,0.7,45,domain_mismatch_cv_speech_robotics,0
264,CAND_0068932,264,36.0,36.0,0,True,False,0.7,45,domain_mismatch_cv_speech_robotics,0
265,CAND_0068985,265,36.0,36.0,0,True,False,0.6,45,domain_mismatch_cv_speech_robotics,0
266,CAND_0073883,266,36.0,36.0,0,True,False,0.7,45,domain_mismatch_cv_speech_robotics,0
267,CAND_0076412,267,36.0,36.0,0,True,False,0.7,45,domain_mismatch_cv_speech_robotics,0
268,CAND_0081480,268,36.0,36.0,0,True,False,0.7,45,domain_mismatch_cv_speech_robotics,0
269,CAND_0083852,269,36.0,36.0,0,True,False,0.7,45,domain_mismatch_cv_speech_robotics,0
270,CAND_0086893,270,36.0,36.0,0,True,False,0.7,45,domain_mismatch_cv_speech_robotics,0
271,CAND_0088878,271,36.0,36.0,0,True,False,0.7,45,domain_mismatch_cv_speech_robotics,0
272,CAND_0090584,272,36.0,36.0,0,True,False,0.7,45,domain_mismatch_cv_speech_robotics,0
273,CAND_0004131,273,35.0,35.0,0,True,False,0.7,45,domain_mismatch_cv_speech_robotics,0
274,CAND_0011707,274,35.0,35.0,0,True,False,0.7,45,domain_mismatch_cv_speech_robotics,0
275,CAND_0021410,275,35.0,35.0,0,False,False,0.8,,,0
276,CAND_0021491,276,35.0,35.0,0,True,False,0.7,45,domain_mismatch_cv_speech_robotics,0
277,CAND_0025923,277,35.0,35.0,0,True,False,0.7,45,domain_mismatch_cv_speech_robotics,0
278,CAND_0028838,278,35.0,35.0,0,True,False,0.7,45,domain_mismatch_cv_speech_robotics,0
279,CAND_0034164,279,35.0,35.0,0,True,False,0.7,45,domain_mismatch_cv_speech_robotics,0
280,CAND_0034177,280,35.0,35.0,0,False,False,0.8,,,0
281,CAND_0070653,281,35.0,35.0,0,False,False,0.8,45,domain_mismatch_cv_speech_robotics,0
282,CAND_0073007,282,35.0,35.0,0,False,False,0.8,,,0
283,CAND_0073620,283,35.0,35.0,0,True,False,0.7,45,domain_mismatch_cv_speech_robotics,0
284,CAND_0074342,284,35.0,35.0,0,True,False,0.7,45,domain_mismatch_cv_speech_robotics,0
285,CAND_0077881,285,35.0,35.0,0,True,False,0.7,40,no_recent_hands_on_code,0
286,CAND_0084283,286,35.0,35.0,0,True,False,0.7,45,domain_mismatch_cv_speech_robotics,0
287,CAND_0089947,287,35.0,35.0,0,True,False,0.7,45,domain_mismatch_cv_speech_robotics,0
288,CAND_0090155,288,35.0,35.0,0,True,True,0.75,45,domain_mismatch_cv_speech_robotics,0
289,CAND_0092468,289,35.0,35.0,0,True,False,0.7,45,domain_mismatch_cv_speech_robotics,0
290,CAND_0092706,290,35.0,35.0,0,True,False,0.7,45,domain_mismatch_cv_speech_robotics,0
291,CAND_0097176,291,35.0,35.0,0,False,False,0.8,,,0
292,CAND_0000273,292,34.0,34.0,0,False,False,0.8,,,0
293,CAND_0000422,293,34.0,34.0,0,False,False,0.9,,,0
294,CAND_0001819,294,34.0,34.0,0,True,False,0.7,45,domain_mismatch_cv_speech_robotics,0
295,CAND_0002426,295,34.0,34.0,0,False,False,0.9,,,0
296,CAND_0003841,296,34.0,34.0,0,False,False,0.8,,,0
297,CAND_0004402,297,34.0,34.0,0,False,False,0.9,,,0
298,CAND_0005509,298,34.0,34.0,0,False,False,0.9,,,0
299,CAND_0006538,299,34.0,34.0,0,False,False,0.9,,,0
300,CAND_0008517,300,34.0,34.0,0,False,False,0.9,,,0
301,CAND_0008978,301,34.0,34.0,0,True,False,0.7,40,no_recent_hands_on_code,0
302,CAND_0011326,302,34.0,34.0,0,True,False,0.7,45,domain_mismatch_cv_speech_robotics,0
303,CAND_0011327,303,34.0,34.0,0,False,False,0.9,,,0
304,CAND_0014063,304,34.0,34.0,0,False,False,0.9,,,0
305,CAND_0015065,305,34.0,34.0,0,True,False,0.6,45,domain_mismatch_cv_speech_robotics,0
306,CAND_0015967,306,34.0,34.0,0,False,False,0.8,,,0
307,CAND_0018013,307,34.0,34.0,0,False,False,0.9,,,0
308,CAND_0019845,308,34.0,34.0,0,False,False,0.9,,,0
309,CAND_0020991,309,34.0,34.0,0,True,False,0.7,45,domain_mismatch_cv_speech_robotics,0
310,CAND_0023458,310,34.0,34.0,0,False,False,0.8,,,0
311,CAND_0023559,311,34.0,34.0,0,False,False,0.9,,,0
312,CAND_0024147,312,34.0,34.0,0,False,False,0.9,,,0
313,CAND_0025640,313,34.0,34.0,0,False,False,0.9,,,0
314,CAND_0025882,314,34.0,34.0,0,True,False,0.8,45,domain_mismatch_cv_speech_robotics,0
315,CAND_0028422,315,34.0,34.0,0,True,False,0.8,40,no_recent_hands_on_code,0
316,CAND_0029971,316,34.0,34.0,0,True,False,0.7,45,domain_mismatch_cv_speech_robotics,0
317,CAND_0030784,317,34.0,34.0,0,False,False,0.8,,,0
318,CAND_0033987,318,34.0,34.0,0,True,False,0.9,,,0
319,CAND_0035879,319,34.0,34.0,0,False,False,0.9,,,0
320,CAND_0040946,320,34.0,34.0,0,False,False,0.8,,,0
321,CAND_0044262,321,34.0,34.0,0,True,False,0.7,45,domain_mismatch_cv_speech_robotics,0
322,CAND_0044463,322,34.0,34.0,0,False,False,0.8,,,0
323,CAND_0044890,323,34.0,34.0,0,True,False,0.7,45,domain_mismatch_cv_speech_robotics,0
324,CAND_0045141,324,34.0,34.0,0,False,False,0.8,,,0
325,CAND_0051003,325,34.0,34.0,0,True,False,0.7,45,domain_mismatch_cv_speech_robotics,0
326,CAND_0051593,326,34.0,34.0,0,False,False,0.8,,,0
327,CAND_0052195,327,34.0,34.0,0,True,False,0.7,45,domain_mismatch_cv_speech_robotics,0
328,CAND_0052735,328,34.0,34.0,0,False,False,0.8,,,0
329,CAND_0053527,329,34.0,34.0,0,False,False,0.8,,,0
330,CAND_0054318,330,34.0,34.0,0,True,False,0.7,45,domain_mismatch_cv_speech_robotics,0
331,CAND_0058300,331,34.0,34.0,0,False,False,0.8,,,0
332,CAND_0060835,332,34.0,34.0,0,False,False,0.8,,,0
333,CAND_0061352,333,34.0,34.0,0,False,False,0.9,,,0
334,CAND_0064130,334,34.0,34.0,0,False,False,0.9,,,0
335,CAND_0065277,335,34.0,34.0,0,True,False,0.7,45,domain_mismatch_cv_speech_robotics,0
336,CAND_0065514,336,34.0,34.0,0,False,False,0.8,,,0
337,CAND_0066690,337,34.0,34.0,0,True,False,0.7,45,domain_mismatch_cv_speech_robotics,0
338,CAND_0067609,338,34.0,34.0,0,True,False,0.7,45,domain_mismatch_cv_speech_robotics,0
339,CAND_0069232,339,34.0,34.0,0,True,False,0.7,45,domain_mismatch_cv_speech_robotics,0
340,CAND_0069248,340,34.0,34.0,0,False,False,0.9,,,0
341,CAND_0070589,341,34.0,34.0,0,True,False,0.7,45,domain_mismatch_cv_speech_robotics,0
342,CAND_0071033,342,34.0,34.0,0,False,False,0.8,,,0
343,CAND_0071939,343,34.0,34.0,0,True,False,0.7,45,domain_mismatch_cv_speech_robotics,0
344,CAND_0072232,344,34.0,34.0,0,True,False,0.7,45,domain_mismatch_cv_speech_robotics,0
345,CAND_0073504,345,34.0,34.0,0,False,False,0.8,,,0
346,CAND_0075481,346,34.0,34.0,0,True,False,0.7,45,domain_mismatch_cv_speech_robotics,0
347,CAND_0078262,347,34.0,34.0,0,False,False,0.8,,,0
348,CAND_0080344,348,34.0,34.0,0,True,False,0.8,45,domain_mismatch_cv_speech_robotics,0
349,CAND_0080534,349,34.0,34.0,0,False,False,0.9,,,0
350,CAND_0084681,350,34.0,34.0,0,True,False,0.7,45,domain_mismatch_cv_speech_robotics,0
351,CAND_0089406,351,34.0,34.0,0,True,False,0.7,45,domain_mismatch_cv_speech_robotics,0
352,CAND_0091890,352,34.0,34.0,0,True,False,0.7,45,domain_mismatch_cv_speech_robotics,0
353,CAND_0096209,353,34.0,34.0,0,True,False,0.7,45,domain_mismatch_cv_speech_robotics,0
354,CAND_0098454,354,34.0,34.0,0,False,False,0.8,,,0
355,CAND_0098952,355,34.0,34.0,0,False,False,0.9,,,0
356,CAND_0001494,356,33.0,33.0,0,False,False,0.8,,,0
357,CAND_0001930,357,33.0,33.0,0,False,False,0.8,,,0
358,CAND_0003557,358,33.0,33.0,0,False,False,0.8,,,0
359,CAND_0004112,359,33.0,33.0,0,True,False,0.7,45,domain_mismatch_cv_speech_robotics,0
360,CAND_0008533,360,33.0,33.0,0,True,False,0.7,45,domain_mismatch_cv_speech_robotics,0
361,CAND_0010541,361,33.0,33.0,0,True,False,0.7,45,domain_mismatch_cv_speech_robotics,0
362,CAND_0013393,362,33.0,33.0,0,True,False,0.7,45,domain_mismatch_cv_speech_robotics,0
363,CAND_0014234,363,33.0,33.0,0,True,False,0.7,45,domain_mismatch_cv_speech_robotics,0
364,CAND_0014858,364,33.0,33.0,0,False,False,0.8,,,0
365,CAND_0015097,365,33.0,33.0,0,True,True,0.8,45,domain_mismatch_cv_speech_robotics,0
366,CAND_0015478,366,33.0,33.0,0,True,False,0.7,45,domain_mismatch_cv_speech_robotics,0
367,CAND_0016267,367,33.0,33.0,0,False,False,0.8,45,domain_mismatch_cv_speech_robotics,0
368,CAND_0017178,368,33.0,33.0,0,False,False,0.9,,,0
369,CAND_0018925,369,33.0,33.0,0,False,False,0.8,,,0
370,CAND_0019159,370,33.0,33.0,0,True,False,0.8,45,domain_mismatch_cv_speech_robotics,0
371,CAND_0021827,371,33.0,33.0,0,False,False,0.8,,,0
372,CAND_0022023,372,33.0,33.0,0,True,False,0.7,45,domain_mismatch_cv_speech_robotics,0
373,CAND_0022852,373,33.0,33.0,0,False,False,0.9,,,0
374,CAND_0023583,374,33.0,33.0,0,False,False,0.8,,,0
375,CAND_0026362,375,33.0,33.0,0,False,False,0.8,,,0
376,CAND_0027218,376,33.0,33.0,0,True,False,0.7,45,domain_mismatch_cv_speech_robotics,0
377,CAND_0027723,377,33.0,33.0,0,False,False,0.8,,,0
378,CAND_0030550,378,33.0,33.0,0,False,False,0.8,,,0
379,CAND_0031397,379,33.0,33.0,0,False,False,0.8,,,0
380,CAND_0032271,380,33.0,33.0,0,False,False,0.8,,,0
381,CAND_0033749,381,33.0,33.0,0,True,False,0.7,45,domain_mismatch_cv_speech_robotics,0
382,CAND_0035315,382,33.0,33.0,0,False,False,0.8,45,domain_mismatch_cv_speech_robotics,0
383,CAND_0036520,383,33.0,33.0,0,False,False,0.8,,,0
384,CAND_0038099,384,33.0,33.0,0,False,False,0.8,,,0
385,CAND_0040099,385,33.0,33.0,0,True,False,0.7,45,domain_mismatch_cv_speech_robotics,0
386,CAND_0040677,386,33.0,33.0,0,False,False,0.8,,,0
387,CAND_0041402,387,33.0,33.0,0,True,False,0.7,45,domain_mismatch_cv_speech_robotics,0
388,CAND_0042370,388,33.0,33.0,0,True,False,0.7,45,domain_mismatch_cv_speech_robotics,0
389,CAND_0044091,389,33.0,33.0,0,False,False,0.8,,,0
390,CAND_0047521,390,33.0,33.0,0,True,False,0.7,45,domain_mismatch_cv_speech_robotics,0
391,CAND_0048360,391,33.0,33.0,0,True,False,0.7,45,domain_mismatch_cv_speech_robotics,0
392,CAND_0049615,392,33.0,33.0,0,True,False,0.7,45,domain_mismatch_cv_speech_robotics,0
393,CAND_0049978,393,33.0,33.0,0,True,False,0.7,45,domain_mismatch_cv_speech_robotics,0
394,CAND_0052169,394,33.0,33.0,0,False,False,0.8,,,0
395,CAND_0055624,395,33.0,33.0,0,True,False,0.7,45,domain_mismatch_cv_speech_robotics,0
396,CAND_0058152,396,33.0,33.0,0,False,False,0.8,,,0
397,CAND_0058426,397,33.0,33.0,0,False,False,0.8,,,0
398,CAND_0060257,398,33.0,33.0,0,False,False,0.8,,,0
399,CAND_0060303,399,33.0,33.0,0,False,False,0.8,45,domain_mismatch_cv_speech_robotics,0
400,CAND_0060340,400,33.0,33.0,0,True,False,0.7,45,domain_mismatch_cv_speech_robotics,0
401,CAND_0061175,401,33.0,33.0,0,False,False,0.8,45,domain_mismatch_cv_speech_robotics,0
402,CAND_0062658,402,33.0,33.0,0,True,False,0.7,45,domain_mismatch_cv_speech_robotics,0
403,CAND_0063585,403,33.0,33.0,0,False,False,0.8,,,0
404,CAND_0064331,404,33.0,33.0,0,False,False,0.8,,,0
405,CAND_0066791,405,33.0,33.0,0,True,False,0.7,45,domain_mismatch_cv_speech_robotics,0
406,CAND_0067183,406,33.0,33.0,0,True,False,0.8,45,domain_mismatch_cv_speech_robotics,0
407,CAND_0067322,407,33.0,33.0,0,True,False,0.6,45,domain_mismatch_cv_speech_robotics,0
408,CAND_0067643,408,33.0,33.0,0,False,False,0.8,,,0
409,CAND_0068456,409,33.0,33.0,0,True,False,0.7,45,domain_mismatch_cv_speech_robotics,0
410,CAND_0069386,410,33.0,33.0,0,True,False,0.7,45,domain_mismatch_cv_speech_robotics,0
411,CAND_0069925,411,33.0,33.0,0,True,False,0.6,45,domain_mismatch_cv_speech_robotics,0
412,CAND_0073556,412,33.0,33.0,0,True,False,0.7,45,domain_mismatch_cv_speech_robotics,0
413,CAND_0073781,413,33.0,33.0,0,True,False,0.7,45,domain_mismatch_cv_speech_robotics,0
414,CAND_0073917,414,33.0,33.0,0,False,False,0.8,,,0
415,CAND_0073982,415,33.0,33.0,0,True,False,0.7,45,domain_mismatch_cv_speech_robotics,0
416,CAND_0074024,416,33.0,33.0,0,False,False,0.8,,,0
417,CAND_0074621,417,33.0,33.0,0,False,False,0.8,,,0
418,CAND_0076995,418,33.0,33.0,0,True,False,0.8,45,domain_mismatch_cv_speech_robotics,0
419,CAND_0078508,419,33.0,33.0,0,False,False,0.8,,,0
420,CAND_0079662,420,33.0,33.0,0,True,False,0.7,45,domain_mismatch_cv_speech_robotics,0
421,CAND_0080051,421,33.0,33.0,0,True,False,0.7,45,domain_mismatch_cv_speech_robotics,0
422,CAND_0082489,422,33.0,33.0,0,True,False,0.7,45,domain_mismatch_cv_speech_robotics,0
423,CAND_0082618,423,33.0,33.0,0,True,False,0.7,45,domain_mismatch_cv_speech_robotics,0
424,CAND_0082913,424,33.0,33.0,0,True,False,0.7,45,domain_mismatch_cv_speech_robotics,0
425,CAND_0084090,425,33.0,33.0,0,True,False,0.7,45,domain_mismatch_cv_speech_robotics,0
426,CAND_0084391,426,33.0,33.0,0,False,False,0.8,,,0
427,CAND_0087006,427,33.0,33.0,0,True,False,0.7,45,domain_mismatch_cv_speech_robotics,0
428,CAND_0087316,428,33.0,33.0,0,False,False,0.8,,,0
429,CAND_0087529,429,33.0,33.0,0,False,False,0.8,,,0
430,CAND_0088237,430,33.0,33.0,0,True,False,0.8,45,domain_mismatch_cv_speech_robotics,0
431,CAND_0090300,431,33.0,33.0,0,False,False,0.8,45,domain_mismatch_cv_speech_robotics,0
432,CAND_0091254,432,33.0,33.0,0,True,False,0.7,45,domain_mismatch_cv_speech_robotics,0
433,CAND_0091580,433,33.0,33.0,0,False,False,0.8,,,0
434,CAND_0093883,434,33.0,33.0,0,False,False,0.8,,,0
435,CAND_0096104,435,33.0,33.0,0,False,False,0.8,,,0
436,CAND_0097896,436,33.0,33.0,0,False,False,0.8,,,0
437,CAND_0099269,437,33.0,33.0,0,True,False,0.7,45,domain_mismatch_cv_speech_robotics,0
438,CAND_0099581,438,33.0,33.0,0,True,False,0.7,45,domain_mismatch_cv_speech_robotics,0
439,CAND_0099751,439,33.0,33.0,0,True,False,0.7,45,domain_mismatch_cv_speech_robotics,0
440,CAND_0001151,440,32.0,32.0,0,False,False,0.8,45,domain_mismatch_cv_speech_robotics,0
441,CAND_0003609,441,32.0,32.0,0,True,False,0.8,40,no_recent_hands_on_code,0
442,CAND_0008618,442,32.0,32.0,0,True,False,0.7,45,domain_mismatch_cv_speech_robotics,0
443,CAND_0009200,443,32.0,32.0,0,True,False,0.6,45,domain_mismatch_cv_speech_robotics,0
444,CAND_0011125,444,32.0,32.0,0,True,False,0.7,45,domain_mismatch_cv_speech_robotics,0
445,CAND_0018293,445,32.0,32.0,0,True,False,0.7,45,domain_mismatch_cv_speech_robotics,0
446,CAND_0018653,446,32.0,32.0,0,True,False,0.7,45,domain_mismatch_cv_speech_robotics,0
447,CAND_0020350,447,32.0,32.0,0,True,False,0.9,,,0
448,CAND_0022274,448,32.0,32.0,0,True,False,0.7,45,domain_mismatch_cv_speech_robotics,0
449,CAND_0025663,449,32.0,32.0,0,True,False,0.7,45,domain_mismatch_cv_speech_robotics,0
450,CAND_0034148,450,32.0,32.0,0,True,False,0.8,45,domain_mismatch_cv_speech_robotics,0
451,CAND_0043958,451,32.0,32.0,0,True,False,0.7,45,domain_mismatch_cv_speech_robotics,0
452,CAND_0046108,452,32.0,32.0,0,False,False,0.8,40,no_recent_hands_on_code,0
453,CAND_0049217,453,32.0,32.0,0,True,False,0.8,45,domain_mismatch_cv_speech_robotics,0
454,CAND_0052360,454,32.0,32.0,0,False,False,0.8,,,0
455,CAND_0054377,455,32.0,32.0,0,True,False,0.7,45,domain_mismatch_cv_speech_robotics,0
456,CAND_0055139,456,32.0,32.0,0,True,False,0.8,45,domain_mismatch_cv_speech_robotics,0
457,CAND_0056262,457,32.0,32.0,0,True,False,0.8,40,no_recent_hands_on_code,0
458,CAND_0058412,458,32.0,32.0,0,True,False,0.8,40,no_recent_hands_on_code,0
459,CAND_0061479,459,32.0,32.0,0,False,False,0.8,,,0
460,CAND_0062772,460,32.0,32.0,0,True,False,0.7,45,domain_mismatch_cv_speech_robotics,0
461,CAND_0063862,461,32.0,32.0,0,True,False,0.7,45,domain_mismatch_cv_speech_robotics,0
462,CAND_0065430,462,32.0,32.0,0,False,False,0.8,,,0
463,CAND_0065805,463,32.0,32.0,0,True,False,0.8,45,domain_mismatch_cv_speech_robotics,0
464,CAND_0066798,464,32.0,32.0,0,True,False,0.8,40,no_recent_hands_on_code,0
465,CAND_0067717,465,32.0,32.0,0,True,False,0.7,45,domain_mismatch_cv_speech_robotics,0
466,CAND_0068012,466,32.0,32.0,0,True,False,0.7,45,domain_mismatch_cv_speech_robotics,0
467,CAND_0068393,467,32.0,32.0,0,True,False,0.7,45,domain_mismatch_cv_speech_robotics,0
468,CAND_0068513,468,32.0,32.0,0,True,False,0.7,45,domain_mismatch_cv_speech_robotics,0
469,CAND_0069773,469,32.0,32.0,0,False,False,0.8,,,0
470,CAND_0072688,470,32.0,32.0,0,True,False,0.7,45,domain_mismatch_cv_speech_robotics,0
471,CAND_0073633,471,32.0,32.0,0,True,False,0.7,45,domain_mismatch_cv_speech_robotics,0
472,CAND_0078669,472,32.0,32.0,0,True,False,0.8,45,domain_mismatch_cv_speech_robotics,0
473,CAND_0079830,473,32.0,32.0,0,True,False,0.7,45,domain_mismatch_cv_speech_robotics,0
474,CAND_0080472,474,32.0,32.0,0,True,False,0.7,45,domain_mismatch_cv_speech_robotics,0
475,CAND_0085851,475,32.0,32.0,0,False,False,0.8,,,0
476,CAND_0094025,476,32.0,32.0,0,True,False,0.7,45,domain_mismatch_cv_speech_robotics,0
477,CAND_0004628,477,31.0,31.0,0,True,False,0.7,45,domain_mismatch_cv_speech_robotics,0
478,CAND_0005191,478,31.0,31.0,0,True,False,0.7,45,domain_mismatch_cv_speech_robotics,0
479,CAND_0006437,479,31.0,31.0,0,True,False,0.7,45,domain_mismatch_cv_speech_robotics,0
480,CAND_0006833,480,31.0,31.0,0,True,False,0.8,40,no_recent_hands_on_code,0
481,CAND_0006850,481,31.0,31.0,0,True,False,0.7,45,domain_mismatch_cv_speech_robotics,0
482,CAND_0008049,482,31.0,31.0,0,False,False,0.8,,,0
483,CAND_0011220,483,31.0,31.0,0,False,False,0.8,40,no_recent_hands_on_code,0
484,CAND_0013988,484,31.0,31.0,0,True,False,0.8,45,domain_mismatch_cv_speech_robotics,0
485,CAND_0016170,485,31.0,31.0,0,True,False,0.8,45,domain_mismatch_cv_speech_robotics,0
486,CAND_0016678,486,31.0,31.0,0,True,False,0.8,40,no_recent_hands_on_code,0
487,CAND_0023215,487,31.0,31.0,0,False,False,0.8,45,domain_mismatch_cv_speech_robotics,0
488,CAND_0025939,488,31.0,31.0,0,False,False,0.8,,,0
489,CAND_0029336,489,31.0,31.0,0,True,False,0.7,45,domain_mismatch_cv_speech_robotics,0
490,CAND_0030207,490,31.0,31.0,0,True,False,0.7,45,domain_mismatch_cv_speech_robotics,0
491,CAND_0036973,491,31.0,31.0,0,True,False,0.8,45,domain_mismatch_cv_speech_robotics,0
492,CAND_0038206,492,31.0,31.0,0,True,False,0.7,45,domain_mismatch_cv_speech_robotics,0
493,CAND_0038328,493,31.0,31.0,0,False,False,0.8,40,no_recent_hands_on_code,0
494,CAND_0043450,494,31.0,31.0,0,True,False,0.7,45,domain_mismatch_cv_speech_robotics,0
495,CAND_0043904,495,31.0,31.0,0,True,False,0.7,45,domain_mismatch_cv_speech_robotics,0
496,CAND_0046526,496,31.0,31.0,0,True,False,0.8,45,domain_mismatch_cv_speech_robotics,0
497,CAND_0047327,497,31.0,31.0,0,False,False,0.8,,,0
498,CAND_0048166,498,31.0,31.0,0,True,False,0.7,45,domain_mismatch_cv_speech_robotics,0
499,CAND_0048469,499,31.0,31.0,0,True,False,0.8,45,domain_mismatch_cv_speech_robotics,0
500,CAND_0050707,500,31.0,31.0,0,False,False,0.8,,,0
501,CAND_0052498,501,31.0,31.0,0,True,False,0.8,,,0
502,CAND_0055673,502,31.0,31.0,0,True,False,0.8,40,no_recent_hands_on_code,0
503,CAND_0057134,503,31.0,31.0,0,True,False,0.7,45,domain_mismatch_cv_speech_robotics,0
504,CAND_0058882,504,31.0,31.0,0,True,False,0.8,45,domain_mismatch_cv_speech_robotics,0
505,CAND_0063736,505,31.0,31.0,0,True,False,0.7,45,domain_mismatch_cv_speech_robotics,0
506,CAND_0071913,506,31.0,31.0,0,True,False,0.7,45,domain_mismatch_cv_speech_robotics,0
507,CAND_0074325,507,31.0,31.0,0,True,False,0.7,45,domain_mismatch_cv_speech_robotics,0
508,CAND_0077504,508,31.0,31.0,0,True,False,0.7,45,domain_mismatch_cv_speech_robotics,0
509,CAND_0077784,509,31.0,31.0,0,True,False,0.8,40,no_recent_hands_on_code,0
510,CAND_0082291,510,31.0,31.0,0,True,False,0.8,40,no_recent_hands_on_code,0
511,CAND_0086657,511,31.0,31.0,0,False,False,0.8,40,no_recent_hands_on_code,0
512,CAND_0086790,512,31.0,31.0,0,True,False,0.7,45,domain_mismatch_cv_speech_robotics,0
513,CAND_0088049,513,31.0,31.0,0,True,False,0.8,40,no_recent_hands_on_code,0
514,CAND_0088354,514,31.0,31.0,0,True,False,0.8,40,no_recent_hands_on_code,0
515,CAND_0092989,515,31.0,31.0,0,True,False,0.8,45,domain_mismatch_cv_speech_robotics,0
516,CAND_0093185,516,31.0,31.0,0,True,False,0.8,40,no_recent_hands_on_code,0
517,CAND_0095567,517,31.0,31.0,0,True,False,0.7,45,domain_mismatch_cv_speech_robotics,0
518,CAND_0095884,518,31.0,31.0,0,True,False,0.8,40,no_recent_hands_on_code,0
519,CAND_0097472,519,31.0,31.0,0,False,False,0.8,,,0
520,CAND_0000981,520,30.0,30.0,0,True,False,0.8,40,no_recent_hands_on_code,0
521,CAND_0011140,521,30.0,30.0,0,True,False,0.7,45,domain_mismatch_cv_speech_robotics,0
522,CAND_0011263,522,30.0,30.0,0,True,False,0.7,45,domain_mismatch_cv_speech_robotics,0
523,CAND_0012798,523,30.0,30.0,0,True,False,0.8,45,domain_mismatch_cv_speech_robotics,0
524,CAND_0022720,524,30.0,30.0,0,True,False,0.8,45,domain_mismatch_cv_speech_robotics,0
525,CAND_0041016,525,30.0,30.0,0,True,False,0.7,45,domain_mismatch_cv_speech_robotics,0
526,CAND_0045613,526,30.0,30.0,0,True,False,0.8,45,domain_mismatch_cv_speech_robotics,0
527,CAND_0046095,527,30.0,30.0,0,True,False,0.7,45,domain_mismatch_cv_speech_robotics,0
528,CAND_0049340,528,30.0,30.0,0,True,False,0.7,45,domain_mismatch_cv_speech_robotics,0
529,CAND_0060699,529,30.0,30.0,0,True,False,0.7,45,domain_mismatch_cv_speech_robotics,0
530,CAND_0061156,530,30.0,30.0,0,True,False,0.7,45,domain_mismatch_cv_speech_robotics,0
531,CAND_0061819,531,30.0,30.0,0,True,False,0.7,45,domain_mismatch_cv_speech_robotics,0
532,CAND_0065927,532,30.0,30.0,0,True,False,0.8,40,no_recent_hands_on_code,0
533,CAND_0065991,533,30.0,30.0,0,True,False,0.7,45,domain_mismatch_cv_speech_robotics,0
534,CAND_0067403,534,30.0,30.0,0,True,False,0.7,45,domain_mismatch_cv_speech_robotics,0
535,CAND_0070544,535,30.0,30.0,0,True,False,0.7,45,domain_mismatch_cv_speech_robotics,0
536,CAND_0072721,536,30.0,30.0,0,True,False,0.7,45,domain_mismatch_cv_speech_robotics,0
537,CAND_0074317,537,30.0,30.0,0,False,False,0.8,,,0
538,CAND_0081778,538,30.0,30.0,0,True,False,0.8,45,domain_mismatch_cv_speech_robotics,0
539,CAND_0086028,539,30.0,30.0,0,True,False,0.7,45,domain_mismatch_cv_speech_robotics,0
540,CAND_0087494,540,30.0,30.0,0,True,False,0.8,45,domain_mismatch_cv_speech_robotics,0
541,CAND_0008139,541,29.0,29.0,0,True,False,0.7,45,domain_mismatch_cv_speech_robotics,0
542,CAND_0012840,542,29.0,29.0,0,True,False,0.7,45,domain_mismatch_cv_speech_robotics,0
543,CAND_0015057,543,29.0,29.0,0,True,False,0.7,45,domain_mismatch_cv_speech_robotics,0
544,CAND_0022232,544,29.0,29.0,0,True,False,0.7,45,domain_mismatch_cv_speech_robotics,0
545,CAND_0041233,545,29.0,29.0,0,True,False,0.7,45,domain_mismatch_cv_speech_robotics,0
546,CAND_0043304,546,29.0,29.0,0,True,False,0.7,45,domain_mismatch_cv_speech_robotics,0
547,CAND_0044565,547,29.0,29.0,0,True,False,0.7,45,domain_mismatch_cv_speech_robotics,0
548,CAND_0044696,548,29.0,29.0,0,True,False,0.7,45,domain_mismatch_cv_speech_robotics,0
549,CAND_0047492,549,29.0,29.0,0,True,False,0.7,45,domain_mismatch_cv_speech_robotics,0
550,CAND_0048690,550,29.0,29.0,0,True,False,0.7,45,domain_mismatch_cv_speech_robotics,0
551,CAND_0050553,551,29.0,29.0,0,True,False,0.7,45,domain_mismatch_cv_speech_robotics,0
552,CAND_0051936,552,29.0,29.0,0,True,False,0.7,45,domain_mismatch_cv_speech_robotics,0
553,CAND_0054059,553,29.0,29.0,0,False,False,0.8,40,no_recent_hands_on_code,0
554,CAND_0057162,554,29.0,29.0,0,True,False,0.7,45,domain_mismatch_cv_speech_robotics,0
555,CAND_0064256,593,27.0,29.0,38,True,False,0.7,45,domain_mismatch_cv_speech_robotics,0
556,CAND_0067535,555,29.0,29.0,-1,True,False,0.7,45,domain_mismatch_cv_speech_robotics,0
557,CAND_0072091,556,29.0,29.0,-1,True,False,0.7,45,domain_mismatch_cv_speech_robotics,0
558,CAND_0075409,557,29.0,29.0,-1,True,True,0.7,30,pure_research_no_production,0
559,CAND_0075715,558,29.0,29.0,-1,True,False,0.7,45,domain_mismatch_cv_speech_robotics,0
560,CAND_0077343,559,29.0,29.0,-1,True,False,0.7,45,domain_mismatch_cv_speech_robotics,0
561,CAND_0087120,560,29.0,29.0,-1,True,False,0.7,45,domain_mismatch_cv_speech_robotics,0
562,CAND_0091745,561,29.0,29.0,-1,False,False,0.8,,,0
563,CAND_0095457,562,29.0,29.0,-1,True,False,0.7,45,domain_mismatch_cv_speech_robotics,0
564,CAND_0096589,563,29.0,29.0,-1,True,False,0.7,45,domain_mismatch_cv_speech_robotics,0
565,CAND_0005303,564,28.0,28.0,-1,True,False,0.7,45,domain_mismatch_cv_speech_robotics,0
566,CAND_0006354,565,28.0,28.0,-1,True,False,0.7,45,domain_mismatch_cv_speech_robotics,0
567,CAND_0011757,566,28.0,28.0,-1,True,False,0.7,45,domain_mismatch_cv_speech_robotics,0
568,CAND_0014743,567,28.0,28.0,-1,True,False,0.7,45,domain_mismatch_cv_speech_robotics,0
569,CAND_0022413,568,28.0,28.0,-1,True,False,0.7,45,domain_mismatch_cv_speech_robotics,0
570,CAND_0023587,569,28.0,28.0,-1,True,False,0.7,45,domain_mismatch_cv_speech_robotics,0
571,CAND_0031068,570,28.0,28.0,-1,True,False,0.7,45,domain_mismatch_cv_speech_robotics,0
572,CAND_0031306,571,28.0,28.0,-1,True,False,0.7,45,domain_mismatch_cv_speech_robotics,0
573,CAND_0031703,572,28.0,28.0,-1,True,False,0.7,45,domain_mismatch_cv_speech_robotics,0
574,CAND_0035779,573,28.0,28.0,-1,True,False,0.7,45,domain_mismatch_cv_speech_robotics,0
575,CAND_0050297,574,28.0,28.0,-1,True,False,0.7,45,domain_mismatch_cv_speech_robotics,0
576,CAND_0051219,575,28.0,28.0,-1,True,False,0.7,45,domain_mismatch_cv_speech_robotics,0
577,CAND_0059400,576,28.0,28.0,-1,True,False,0.7,45,domain_mismatch_cv_speech_robotics,0
578,CAND_0059520,577,28.0,28.0,-1,True,False,0.7,45,domain_mismatch_cv_speech_robotics,0
579,CAND_0060538,578,28.0,28.0,-1,True,False,0.7,45,domain_mismatch_cv_speech_robotics,0
580,CAND_0065052,579,28.0,28.0,-1,True,False,0.7,45,domain_mismatch_cv_speech_robotics,0
581,CAND_0071747,580,28.0,28.0,-1,True,False,0.7,45,domain_mismatch_cv_speech_robotics,0
582,CAND_0086062,581,28.0,28.0,-1,True,False,0.7,45,domain_mismatch_cv_speech_robotics,0
583,CAND_0087264,582,28.0,28.0,-1,True,False,0.7,40,no_recent_hands_on_code,0
584,CAND_0096823,583,28.0,28.0,-1,True,False,0.7,45,domain_mismatch_cv_speech_robotics,0
585,CAND_0007596,584,27.0,27.0,-1,True,False,0.7,45,domain_mismatch_cv_speech_robotics,0
586,CAND_0007874,585,27.0,27.0,-1,True,False,0.7,45,domain_mismatch_cv_speech_robotics,0
587,CAND_0021729,586,27.0,27.0,-1,True,False,0.7,45,domain_mismatch_cv_speech_robotics,0
588,CAND_0024630,587,27.0,27.0,-1,True,False,0.7,45,domain_mismatch_cv_speech_robotics,0
589,CAND_0032270,588,27.0,27.0,-1,True,False,0.7,45,domain_mismatch_cv_speech_robotics,0
590,CAND_0033311,589,27.0,27.0,-1,True,False,0.7,45,domain_mismatch_cv_speech_robotics,0
591,CAND_0043312,590,27.0,27.0,-1,True,False,0.7,45,domain_mismatch_cv_speech_robotics,0
592,CAND_0050146,591,27.0,27.0,-1,False,False,0.8,,,0
593,CAND_0056058,592,27.0,27.0,-1,True,False,0.7,45,domain_mismatch_cv_speech_robotics,0
594,CAND_0072032,594,27.0,27.0,0,False,False,0.8,,,0
595,CAND_0083790,595,27.0,27.0,0,True,False,0.7,45,domain_mismatch_cv_speech_robotics,0
596,CAND_0085557,596,27.0,27.0,0,True,False,0.7,45,domain_mismatch_cv_speech_robotics,0
597,CAND_0091039,597,27.0,27.0,0,True,False,0.7,45,domain_mismatch_cv_speech_robotics,0
598,CAND_0094023,598,27.0,27.0,0,True,False,0.7,45,domain_mismatch_cv_speech_robotics,0
599,CAND_0099675,599,27.0,27.0,0,False,False,0.8,40,no_recent_hands_on_code,0
600,CAND_0023076,600,26.0,26.0,0,True,False,0.7,45,domain_mismatch_cv_speech_robotics,0
601,CAND_0033650,601,26.0,26.0,0,True,False,0.7,45,domain_mismatch_cv_speech_robotics,0
602,CAND_0061177,602,26.0,26.0,0,True,False,0.7,45,domain_mismatch_cv_speech_robotics,0
603,CAND_0065450,603,26.0,26.0,0,True,False,0.7,45,domain_mismatch_cv_speech_robotics,0
604,CAND_0070808,604,26.0,26.0,0,True,False,0.7,45,domain_mismatch_cv_speech_robotics,0
605,CAND_0073450,605,26.0,26.0,0,True,False,0.7,45,domain_mismatch_cv_speech_robotics,0
606,CAND_0099965,606,26.0,26.0,0,True,False,0.7,45,domain_mismatch_cv_speech_robotics,0
607,CAND_0012888,607,25.0,25.0,0,True,False,0.8,45,domain_mismatch_cv_speech_robotics,0
608,CAND_0022463,608,25.0,25.0,0,True,False,0.7,45,domain_mismatch_cv_speech_robotics,0
609,CAND_0024170,609,25.0,25.0,0,False,False,0.8,40,no_recent_hands_on_code,0
610,CAND_0024203,610,25.0,25.0,0,True,False,0.7,45,domain_mismatch_cv_speech_robotics,0
611,CAND_0028908,611,25.0,25.0,0,True,False,0.7,40,no_recent_hands_on_code,0
612,CAND_0034849,612,25.0,25.0,0,True,False,0.7,45,domain_mismatch_cv_speech_robotics,0
613,CAND_0055362,613,25.0,25.0,0,True,False,0.7,45,domain_mismatch_cv_speech_robotics,0
614,CAND_0079888,614,25.0,25.0,0,True,False,0.7,45,domain_mismatch_cv_speech_robotics,0
615,CAND_0089726,615,25.0,25.0,0,True,False,0.7,45,domain_mismatch_cv_speech_robotics,0
616,CAND_0055842,616,24.0,24.0,0,True,False,0.7,45,domain_mismatch_cv_speech_robotics,0
617,CAND_0072195,617,24.0,24.0,0,True,False,0.7,45,domain_mismatch_cv_speech_robotics,0
618,CAND_0093540,618,23.0,23.0,0,True,False,0.7,45,domain_mismatch_cv_speech_robotics,0
619,CAND_0094916,619,22.0,22.0,0,True,False,0.7,45,domain_mismatch_cv_speech_robotics,0
620,CAND_0031143,620,20.0,20.0,0,True,False,0.7,45,domain_mismatch_cv_speech_robotics,0
621,CAND_0003582,621,0.0,0.0,0,True,False,0.95,0,recent_llm_only,1
622,CAND_0016000,622,0.0,0.0,0,True,False,0.9,0,recent_llm_only,1
623,CAND_0033817,623,0.0,0.0,0,False,False,0.9,0,services_only_no_product|domain_mismatch_cv_speech_robotics,1
624,CAND_0033972,624,0.0,0.0,0,True,False,0.9,0,recent_llm_only,1
625,CAND_0036839,625,0.0,0.0,0,True,False,0.9,0,domain_mismatch_cv_speech_robotics|no_recent_hands_on_code|pure_research_no_production|recent_llm_only|services_only_no_product,1
626,CAND_0042245,626,0.0,0.0,0,True,False,0.9,0,domain_mismatch_cv_speech_robotics|pure_research_no_production,1
627,CAND_0046649,627,0.0,0.0,0,True,False,0.9,0,domain_mismatch_cv_speech_robotics|no_recent_hands_on_code|pure_research_no_production|recent_llm_only|services_only_no_product,1
628,CAND_0046689,628,0.0,0.0,0,True,False,0.9,0,domain_mismatch_cv_speech_robotics|no_recent_hands_on_code|pure_research_no_production|recent_llm_only|services_only_no_product,1
629,CAND_0048740,629,0.0,0.0,0,True,False,0.9,0,domain_mismatch_cv_speech_robotics|services_only_no_product,1
630,CAND_0055792,630,0.0,0.0,0,True,False,0.9,0,recent_llm_only,1
631,CAND_0056983,631,0.0,0.0,0,True,False,0.9,0,domain_mismatch_cv_speech_robotics|no_recent_hands_on_code|pure_research_no_production|recent_llm_only|services_only_no_product,1
632,CAND_0060642,632,0.0,0.0,0,True,False,0.9,0,recent_llm_only,1
633,CAND_0061722,633,0.0,0.0,0,True,False,0.7,0,domain_mismatch_cv_speech_robotics,1
634,CAND_0063888,634,0.0,0.0,0,True,False,0.9,0,recent_llm_only,1
635,CAND_0065096,635,0.0,0.0,0,False,False,0.9,0,domain_mismatch_cv_speech_robotics,1
636,CAND_0070429,636,0.0,0.0,0,True,False,0.925,0,recent_llm_only,1
637,CAND_0072379,637,0.0,0.0,0,True,False,0.9,0,domain_mismatch_cv_speech_robotics|no_recent_hands_on_code|pure_research_no_production|recent_llm_only|services_only_no_product,1
638,CAND_0073853,638,0.0,0.0,0,True,False,0.8,0,pure_research_no_production|recent_llm_only,1
639,CAND_0095140,639,0.0,0.0,0,True,False,0.7,0,domain_mismatch_cv_speech_robotics,1
640,CAND_0095317,640,0.0,0.0,0,False,False,0.9,0,services_only_no_product|domain_mismatch_cv_speech_robotics,1
641,CAND_0095480,641,0.0,0.0,0,True,False,0.9,0,recent_llm_only,1
